serial number,Company Name,Segment,Contact Number,email id
,Pharacy Companies,,,
1,Ace Technopack LLP,Pharmacy/Life Sciences,7942556199,ace@acetechnologiesgroup.com. 
3,Adept Tableting,Pharmacy/Life Sciences,9346619575,info@adeptexport.com
4,Ajni Industries Pvt. Ltd.,Pharmacy/Life Sciences,2652774855,dipusharma@ajni.co.in
5,Allyone Environmental Technologies India Pvt. Ltd.,Pharmacy/Life Sciences,2551230061,enquiry@allone.co.in
6,Ami Polymer Pvt. Ltd.,Pharmacy/Life Sciences,9824228881,overseas@amipolymer.com
7,Anchormen Equipments Pvt. Ltd.,Pharmacy/Life Sciences,9978600978,info.india@ansell.com
8,Ansell India Protective Products Pvt. Ltd.,Pharmacy/Life Sciences,8655852955,grace.lu@ansell.com
9,ART Instruments INC.,Pharmacy/Life Sciences,9974259469,info@art-instruments.com
10,Aryan Engineers,Pharmacy/Life Sciences,9879111970,info@aryanengineers.in
11,Aureole Pharma Pvt. Ltd.,Pharmacy/Life Sciences,8624858551,enquiry@aureolepharmatech.com
12,Avant Garde Cleanroom & Engg. Solutions Pvt. Ltd.,Pharmacy/Life Sciences,1145508664,marketing@acespl.in
13,Breath Air System LLP,Pharmacy/Life Sciences,9265541531,breathair18@gmail.com
14,CAEPL Clean Air Engineers Pvt. Ltd.,Pharmacy/Life Sciences,7940055868,info@cleanairengineer.com
15,Captech Systems,Pharmacy/Life Sciences,9820962795,info@captech.in
16,Care Equipment,Pharmacy/Life Sciences,9426757975,sales@careair.in
17,Casilica Dehumidifiers,Pharmacy/Life Sciences,9650375541,info@casilica.com
18,CPI Technology Pvt. Ltd.,Pharmacy/Life Sciences,7575808268,info@carepg.com
19,DDE Bioengineering Pvt. Ltd.,Pharmacy/Life Sciences,(20)67151010,sanjay.dubey@ddentp.com
20,Deep Pneumatics Pvt. Ltd.,Pharmacy/Life Sciences,6354913760,info@deeppneumatics.in
21,Dynamic Fans Marketing Pvt. Ltd.,Pharmacy/Life Sciences,2266975447,vinod@dynamicmarketing.in
22,E+E Elektronik India Pvt. Ltd.,Pharmacy/Life Sciences,9904405400,info.in@epluse.com
23,EIE Instruments Pvt. Ltd.,Pharmacy/Life Sciences,7935208301,sanjay@eieinstruments.com
24,Electrolab India Pvt. Ltd.,Pharmacy/Life Sciences,2240413131,sales@electrolabgroup.com
25,Fabtech Technologies Cleanroom Limited,Pharmacy/Life Sciences,99608969824,quote@fabtechnologies.com
26,Fluidpack,Pharmacy/Life Sciences,9825033305,enqury@accuratabletpress.com
27,G. T. Metals & Tubes,Pharmacy/Life Sciences,9979699955,info@gtfittings.in
28,GMP Technical Solutions Pvt. Ltd.,Pharmacy/Life Sciences,8045133452,enquiry@gmptech.net
29,Greentech Water System,Pharmacy/Life Sciences,9724066338,water@greentechsystem.com
30,Hariom Pharma Equipments,Pharmacy/Life Sciences,9821053265,info@hariompharma.in
31,Helios Concrew Pvt. Ltd. / Blister King,Pharmacy/Life Sciences,9825331801,heliosconcrew@gmail.com
32,Impact & Solutions,Pharmacy/Life Sciences,98677 24577,matin@impactpvt.in
33,Impact Engineers,Pharmacy/Life Sciences,9699824514,pratik@impactengineers.in
34,Innovative Engineers HVAC Pvt. Ltd.,Pharmacy/Life Sciences,7201000893,info@innovativeengineershvac.com
35,Integrated Cleanroom Technologies Pvt. Ltd.,Pharmacy/Life Sciences,8897845554,info@icleantech.com
36,JPC Air Handler (India) LLP,Pharmacy/Life Sciences,8618 31161,contact@jpcair.com
37,Kesar Control Systems,Pharmacy/Life Sciences,7949238192,sales@kesarcontrol.com
38,Kesar Testing Service LLP,Pharmacy/Life Sciences,79 4030 0727,calibration.kesar@gmail.com
39,Kothari Pharma Machineries LLP,Pharmacy/Life Sciences,9653384812,kotharikpm@gmail.com
40,Labtronik,Pharmacy/Life Sciences,79-2658 8565,contact@labtronik.com
41,Leistung Engineering Pvt. Ltd.,Pharmacy/Life Sciences,7925733411,info@leistung.in
42,Luova Technologies Pvt. Ltd.,Pharmacy/Life Sciences,(2717)417566,info@luova.in
43,Map Industries,Pharmacy/Life Sciences,9687341157,mapindustries94@gmail.com
44,Mark Vi Trac Systems,Pharmacy/Life Sciences,9820509630,info@markvitrac.com
45,Mascon Techneeds,Pharmacy/Life Sciences,9967717084,info@micsontechno.com
46,Material Intelligence Lab (Porelab Scientific Pvt. Ltd.),Pharmacy/Life Sciences,8140408833,swastidey1@gmail.com
47,Mechzeal Interphasing Pvt. Ltd.,Pharmacy/Life Sciences,8980029682,info@mechzeal.co.in
48,N.K.P. Pharma Pvt. Ltd.,Pharmacy/Life Sciences,2717639888,info@nkppharma.com
49,Navsarjan Turnkey Solutions,Pharmacy/Life Sciences,9879325171,info@navsarjants.com
50,Neocorp Engineering Pvt. Ltd.,Pharmacy/Life Sciences,7940194030,info@neocorp.in
51,Newtronic Lifecare Equipment Pvt. Ltd.,Pharmacy/Life Sciences,82918 21223,sales@newtronic.in
52,Nihaar Equipment Pvt. Ltd.,Pharmacy/Life Sciences,22 2850 2878,info@nihaarequipment.com
53,Novasix Technologies Pvt. Ltd.,Pharmacy/Life Sciences,123 456 7890,info@example.com
54,NPM Machinery Pvt. Ltd.,Pharmacy/Life Sciences,95120 07086,sales@npmmachinery.com
55,Patel Scientific Instruments Pvt. Ltd.,Pharmacy/Life Sciences,97234 44495,info@psiplindia.com
56,Pharmintech Turnkey Solutions Pvt. Ltd.,Pharmacy/Life Sciences,22 4971 9996,sales@pharmintech.net
57,PMEA Solar Tech Solutions Limited,Pharmacy/Life Sciences,81081 14949,info@pmealtd.com
58,Prachi International Lights,Pharmacy/Life Sciences,99539 94180,info@prachiinternational.com
59,Promark Air Filter Industries,Pharmacy/Life Sciences,80454 76011,info@promarkfilter.com
60,Protech Air Systems Pvt. Ltd.,Pharmacy/Life Sciences,98256 34508,response@protechairsystems.com
61,QxP Pharma Project & GMP Services Pvt. Ltd.,Pharmacy/Life Sciences,99798 42207,info@qxpts.com
62,R. B. Panchal Fabricators,Pharmacy/Life Sciences,94267 57975,sales@rbpanchal.com
63,Rapid Services,Pharmacy/Life Sciences,,
64,Ravyas Pharma Consultancy (A Company of Ravyas Group),Pharmacy/Life Sciences,94088 03137,ravyasconsultancy@yahoo.com
65,Rehoboth Enviro Systems Pvt. Ltd.,Pharmacy/Life Sciences,98115 99922,sales@rbdeh.com
66,Russell Finex Sieves & Filters Pvt. Ltd.,Pharmacy/Life Sciences,88005 58656,enquiriesrfsf@russellfinex.com
67,Safex Machineries,Pharmacy/Life Sciences,80458 14460,info@safexmachineries.com
68,Saimach Pharmatech Pvt. Ltd.,Pharmacy/Life Sciences,98250 79430,sales@saimach.com
69,Samarika Pharma Solutions LLP,Pharmacy/Life Sciences,75672 19422,info@samarika.com
70,Shree Vishwakarma Alu Projects Pr,Pharmacy/Life Sciences,98795 45216,info@vishwakarmadoor.com
71,SSPM Systems & Engineers Pvt. Ltd.,Pharmacy/Life Sciences,72650 88833,info@sspm.com
72,Sterinox Systems,Pharmacy/Life Sciences,22-28940600 / 700,info@sterinoxsystems.com
73,Sun Teknovation Pvt. Ltd.,Pharmacy/Life Sciences,98982 45695,connect@sunteknovation.com
74,Suresh Enterprises,Pharmacy/Life Sciences,97277 38001,info@sevitsil.com
75,Swastik Enterprise,Pharmacy/Life Sciences,90336 10133,info@swastik-enterprise.in
76,Synergy Thrislington,Pharmacy/Life Sciences,9805508770,sales@synergythrislington.com
77,Tanushree Air Techniques Pvt. Ltd.,Pharmacy/Life Sciences,9879003546,info@airtechniques.in
78,Thermolab Scientific Equipments Pvt. Ltd.,Pharmacy/Life Sciences,9820088373,enquiries@pharmacompass.com
79,Tradestone Projects Pvt. Ltd.,Pharmacy/Life Sciences,22 2871 4444,info@tradestoneprojects.com
80,TSA Process Equipments Pvt. Ltd.,Pharmacy/Life Sciences,22 69607000,sales@tsapepl.com
81,Vishwakarma Engineering,Pharmacy/Life Sciences,98253 58024,vishwakarmaengineers06@gmail.com
82,Watermass Systems Pvt. Ltd.,Pharmacy/Life Sciences,84258 40212,purchase@watermass.in
83,Wiremetal Industries,Pharmacy/Life Sciences,22 2880 9636,quote@wiremetal.in
84,AB Lab Solutions,Pharmacy/Life Sciences,7016881170,ablabsolutions9@gmail.com
85,Addagrip India Pvt. Ltd. (Duraklean),Pharmacy/Life Sciences,73 9788 9788,info@duraklean.com
86,Adroitix Engineering LLP,Pharmacy/Life Sciences,9870448882,sales@adroitix.com
,Mechanical Companies,,,
88,Aerolam Insulations Pvt. Ltd.,Mechanical/Production,820 080 0100,info@aerolam.com
89,Agmehra Pvt. Ltd.,Mechanical/Production,,info@agmeindia.com
90,Airfil Filtech Pvt. Ltd.,Mechanical/Production,,airfiltechnology@gmail.com
91,AirPac Cleantech Pvt. Ltd.,Mechanical/Production,22 26836452,sales@airpaccleantech.com
92,Alfa Innotech,Mechanical/Production,,
93,Alicat Scientific India Pvt. Ltd.,Mechanical/Production,22-46081434,info@alicat.com
94,Anchor Mark Pvt. Ltd.,Mechanical/Production,22-40972000,marketing2@anchormark.com
95,Anish Pharma Equip Pvt. Ltd.,Mechanical/Production,,sales@anishpharma.com
96,Aqua Filsep INC.,Mechanical/Production,,info@aquafilsep.com
97,Armacell India Pvt. Ltd.,Mechanical/Production,99704 69023,Shadab.Ahmed@Armacell.com
98,Aspire India Innotech LLP,Mechanical/Production,84460 41696,admin@aspireindia.in
99,ASV Pharma Tech Pvt. Ltd.,Mechanical/Production,8108105566,info@asvpharmatech.com
100,Atlanto Enterprises LLP,Mechanical/Production,9372080617,sales@aumhitzetech.com
101,Aum Hitze Tech,Mechanical/Production,85111 20446,sales@aumhitzetech.com.
102,Ayu Mech-Mind,Mechanical/Production,,info@mech-mind
103,Baramati Agro Limited,Mechanical/Production,020-67482800,cs@baramatiagro.com
104,Baroda Polyform Pvt. Ltd.,Mechanical/Production,7043354300,admin@barodapolyform.com
105,Base Engineering,Mechanical/Production,80-23464645,mahesh.base@gmail.com
106,Bhuvan Engineering,Mechanical/Production,,info@bhuvanengineering.com
107,Blasttop Industries,Mechanical/Production,9871410959,info@blasttop.com
108,Brite Proofings Pvt. Ltd.,Mechanical/Production,22-40433433,briteahm@brppl.co.in
109,Citizen Industries Pvt. Ltd.,Mechanical/Production,79 40013100,sales@citizenindustries.in
110,Citizen Industries,Mechanical/Production,79 2644 5155,labsales@citizenindia.com
111,Cronax Industries,Mechanical/Production,74283 14888,info@cronax.co.in
112,Ctenophora Advanced Lighting Solutions Pvt. Ltd.,Mechanical/Production,76006 67613,info@ctenophoraals.com
113,Danin HVAC Solutions,Mechanical/Production,89052 49536,
114,Dekure Instruments,Mechanical/Production,73839 45966,sales@dekureinstruments.com
115,Dindayal Transport Company,Mechanical/Production,93161 06451,dindayallogistic@gmail.com
116,Divine Machine Tools Pvt. Ltd.,Mechanical/Production,78787 54780,contact@divinegroup.com
117,E3 Tech Systems And Services LLP,Mechanical/Production,96185 95672,info@e3techsys.com
118,Edge Solutions,Mechanical/Production,99722 58090,info@edgesolutionsindia.com
119,Edgetech Air Systems Pvt. Ltd.,Mechanical/Production,9820270187,mailto:info@edgetech.co.in
120,Ekaggo Airtech Pvt. Ltd.,Mechanical/Production,98986 59696,info@ekaggoair.com
121,Enviro Technologies,Mechanical/Production,70390 47042,presales@enviroworld.in
122,Esterill Process Solutions Pvt. Ltd.,Mechanical/Production,2245222115,contact@esteril.in
123,Felix Solutions,Mechanical/Production,9870610432,info@felixsolutions.in
124,FSP Technologies,Mechanical/Production,,
125,Gayatri Control And Automation Pvt. Ltd.,Mechanical/Production,7925840686,info@gayatricontrol.com
126,Globe Industries,Mechanical/Production,,info@globeindia.in
127,Gradezone Techno Solutions Pvt. Ltd.,Mechanical/Production,,info@gradezone.in
128,Gxpro Solutions Pvt. Ltd.,,,
129,Hamilton Medical India Pvt. Ltd.,Mechanical/Production,,abhishek.m@mv-india.com
130,Horiba India Pvt. Ltd.,Mechanical/Production,11 4646 5020,info@buyhoribasolutions.com
131,Huzhou Zhongrui Cleaning Technology Co. Ltd. (China),Mechanical/Production,86‑189‑1632‑0083,eric@zrtube.com
132,HVAX Technologies Limited,Mechanical/Production,49725039,compliance@hvax.in
133,Hydropure Systems Pvt. Ltd.,Mechanical/Production,22 2897 8725,info@hydropure.in
134,Indo Climatecare Pvt. Ltd.,Mechanical/Production,79 2646 6952,info@indoclimatecare.com
135,Industrial Boilers Limited,Mechanical/Production,22 2807 0500, info@industrialboilers.com
136,Infozen India Enterprise,Mechanical/Production,99241 08843,contact@infozen.co
137,Innovus Cleanroom Technologies,Mechanical/Production,93275 92055,info@innovuscleanroom.com
138,Integrated Cooling Solutions Pvt. Ltd.,Mechanical/Production,88263 52597,sales@icsengg.in
139,ISOSAAN Containment Solution Pvt. Ltd.,Mechanical/Production,90048 38444,saanengineers@saanengineers.com
140,JD Pharma Consultants Pvt. Ltd.,Mechanical/Production,731 404 3825,info@jdpharmaconsultants.co.in
141,Jetspray Innovations Pvt. Ltd.,Mechanical/Production,,
142,JP Engineering,Mechanical/Production,,
143,June Enterprises Pvt. Ltd.,Mechanical/Production,,
144,Jyoti Mechanical Industries,Mechanical/Production,,
145,KDN Cooling Tower,Mechanical/Production,,
146,Ketav Consultant,Mechanical/Production,,
147,Lab And Life Instruments Pvt. Ltd.,Mechanical/Production,,
148,Lab Services & Solution Pvt. Ltd.,Mechanical/Production,,
149,Lotus Technicals Pvt. Ltd.,Mechanical/Production,,
150,Lucky Deep Cleanroom Pvt. Ltd.,Mechanical/Production,,
151,Malati,Mechanical/Production,,
152,Malhari Projects Pvt. Ltd.,Mechanical/Production,,
153,Mechmaark Filtech India Pvt. Ltd.,Mechanical/Production,,
154,Meshayu Consultants Pvt. Ltd.,Mechanical/Production,,
155,Multi Enterprise,Mechanical/Production,,
156,Navdurga Engineers,Mechanical/Production,,
157,Nicomac Taikisha Clean Rooms Pvt. Ltd.,Mechanical/Production,,
158,NIJ Solution,Mechanical/Production,,
159,Omkar Electricals,Mechanical/Production,,
160,Optic Liting Pvt. Ltd.,Mechanical/Production,,
161,P.U.S.H. Enterprises,Mechanical/Production,,
162,Pacifab Technologies LLP,Mechanical/Production,,
163,Pharma Spray Solutions Pvt. Ltd.,Mechanical/Production,,
164,Pharmagate Solutions Pvt. Ltd.,Mechanical/Production,,
165,Polmon Instruments Pvt. Ltd. (Polmon Group),Mechanical/Production,,
166,Powertronics Control System Pvt. Ltd.,Mechanical/Production,,
167,Prime Care Technology Pvt. Ltd.,Mechanical/Production,,
168,Procon Technologies Pvt. Ltd.,Mechanical/Production,,
169,Progressive Chromatography,Mechanical/Production,,
170,Propack Technologies Pvt. Ltd.,Mechanical/Production,,
171,Pushti Crates & Bins,Mechanical/Production,,
172,PV Corporation,Mechanical/Production,,
173,RackUp Systems Pvt. Ltd.,Mechanical/Production,,
174,Radiant Enterprise,Mechanical/Production,,
175,Raystek Process Instruments LLP,Mechanical/Production,,
176,Rivitech International,Mechanical/Production,,
177,S.V. Scientific Pvt. Ltd.,Mechanical/Production,,
178,SBRG Clean Tech Pvt. Ltd.,Mechanical/Production,,
179,SCP Cold Pvt. Ltd.,Mechanical/Production,,
180,Shah Sealtech Pvt. Ltd.,Mechanical/Production,,
181,Sharp Packaging Machines,Mechanical/Production,,
182,Sharp Process Equipments,Mechanical/Production,,
183,Sheel Overseas,Mechanical/Production,,
184,Skai Air Control Pvt. Ltd.,Mechanical/Production,,
185,Sky Remedies,Mechanical/Production,,
186,Sohamtex Engineers,Mechanical/Production,,
187,Sotax India Pvt. Ltd.,Mechanical/Production,,
188,Spear Pack Pvt. Ltd.,Mechanical/Production,,
189,Spectrum Filtration Pvt. Ltd.,Mechanical/Production,,
,IT/CE Companies,,,
191,Square life Technologies LLP,IT/Computer Engineering,6357148481,sales@squaretechnologies.in
192,Super Scientific Works Pvt. Ltd.,IT/Computer Engineering,9879204809,sales@superscientific.com
193,Systemair India Pvt. Ltd.,IT/Computer Engineering,7674889007,mailbox@systemair.in
194,Ultrafil Air Systems (1) Pvt. Ltd.,IT/Computer Engineering,9177631526,"info@ultrafil.net,"
195,Unitech Systems,IT/Computer Engineering,8045814751,info@unitechsystem.in
196,Veer Industries Surat,IT/Computer Engineering,9913355008,mkt01@veerindia.co.in
197,VidyaGxP Pvt. Ltd.,IT/Computer Engineering,7354654474,info@vidyagxp.com
198,Vinayak Pharma Technology,IT/Computer Engineering,9979099501,Info@vinayakpharmatechnology.com
199,VK Clean Rooms,IT/Computer Engineering,8048987665,
200,X-Rite India Pvt. Ltd.,IT/Computer Engineering,9841818179,JeffreyMcKee@xrite.com
201,Yessor Techs,IT/Computer Engineering,7760879816,ria@yessor.com
202,Aavad Instrument Pvt. Ltd.,IT/Computer Engineering,9099622833,aag@aavadinstrument.com
203,Accunova Engineering Pvt. Ltd.,IT/Computer Engineering,9081813490,info@accunova.in
204,AeroOptimus Innovations Pvt. Ltd.,IT/Computer Engineering,9501316889,
205,Air Energy,IT/Computer Engineering,(508)230.9445,
206,Ambetronics Engineers Pvt. Ltd.,IT/Computer Engineering,9320737646,sales8@ambetronics.com
207,Ambica Industries,IT/Computer Engineering,7940394785,ambicaworld@gmail.com
208,Amey Marketing,IT/Computer Engineering,7925622434,
209,Apurva Water Management Systems,IT/Computer Engineering,8046046013,
210,Apurva Water Management Systems Pvt. Ltd.,IT/Computer Engineering,8046046013,
211,Aquamech Engineering Corporation,IT/Computer Engineering,9833318254,marketing@aquamech.co.in
212,Aquatics Water Solutionss LLP,IT/Computer Engineering,7926651002,accounts@aquaticsindia.com
213,Aronec FinWise Pvt. Ltd.,IT/Computer Engineering,2269231222,aronecfinwise@gmail.com
214,Astar Insulation Pvt. Ltd.,IT/Computer Engineering,8018039693,hr@astarinsulation.com
215,AUM Industries,IT/Computer Engineering,9898565705,contact@aumindustries.co.in
216,Balas Office Furniture,IT/Computer Engineering,9825197937,spaceplan@balas.in
217,Collabtec Design Build Pvt. Ltd.,IT/Computer Engineering,8104585903,mkt1@collabtecdb.com
218,Columbus Cleaning Machines Pvt. Ltd.,IT/Computer Engineering,7888077011,info@columbus-clean.in
219,Contec Airflow Projects Pvt. Ltd.,IT/Computer Engineering,2228598231,
220,Control Print Limited,IT/Computer Engineering,2228599065,
221,COPA-DATA India Pvt. Ltd.,IT/Computer Engineering,2065296369,sales@cdin.in
222,Craft Tech Automation,IT/Computer Engineering,8048610101,
223,D. K. Scientific Technologies,IT/Computer Engineering,8043835410,
224,DPC Developer's Pvt. Ltd.,IT/Computer Engineering,,
225,EEPC India,IT/Computer Engineering,(11)23353353,
226,Endress+Hauser India Pvt. Ltd.,IT/Computer Engineering,617157700,megha.bhutani@endress.com
227,Futuretech Bizsoft LLP,IT/Computer Engineering,9033017301,
228,Global Vision (Pharma Machines & Technologies),IT/Computer Engineering,4448679435,
229,Goel Power Engineers LLP,IT/Computer Engineering,9699658469,info@goelpower.in
230,H One Global Technology Pvt. Ltd.,IT/Computer Engineering,9975460457,info@honeglobaltechnology.com
231,Indoyug Power Solution,IT/Computer Engineering,8044566912,
232,Inner Engineering Products & Systems Pvt. Ltd.,IT/Computer Engineering,18005727963,
233,Innova Systems,IT/Computer Engineering,9825505344,
234,J. S. Control,IT/Computer Engineering,8793001058,
235,JASCO Biotech System,IT/Computer Engineering,9459079599,jascobiotech@yahoo.com
236,Jupiter Integrated Sensor Systems Pvt. Ltd.,IT/Computer Engineering,8045478718,
237,Kalindi Machineries Pvt. Ltd.,IT/Computer Engineering,9425059249,
238,Knacon Engineering,IT/Computer Engineering,7976447382,
239,Labtech Systems Pvt. Ltd.,IT/Computer Engineering, 98253 17702,
240,Labtop instruments Pvt. Ltd.,IT/Computer Engineering,84460 53761,
241,Lattice Enterprise,IT/Computer Engineering,,
242,Life Thread LLP,IT/Computer Engineering,1800-419-9661,
243,Linc Digital Systems Pvt. Ltd.,IT/Computer Engineering,79 2688 3000,acservices@lincdigital.com
244,Mahashakti Pharmamach,IT/Computer Engineering, 98988 50120,
245,Matrix Comsec Pvt. Ltd.,IT/Computer Engineering, 99987 55555,Support@MatrixComSec.com
246,Mecord Systems and Services Pvt. Ltd.,IT/Computer Engineering, 80 3726 6888,accounts@mecord.com
247,Microvise Solutions,IT/Computer Engineering, 77780 92462,info@microviseindia.com
248,N.K. Industries,IT/Computer Engineering,79-66309999,nkindustries1000@gmail.com
249,Network INC,IT/Computer Engineering,98331 02077,
250,Newtech Modular Solutions,IT/Computer Engineering,81408 14449,
251,Parshvi Technology (India) Pvt. Ltd.,IT/Computer Engineering,81287 05212,info@parshvitechnology.com
252,Parth Engineers & Consultant,IT/Computer Engineering,99099 93613,info@parthec.com
253,Parth Products,IT/Computer Engineering,80 4580 1289,parthproduct@gmail.com
254,Perfect House Pvt. Ltd.,IT/Computer Engineering,22 6261 1900,name@perfecthouseltd.com
,Electrical/Electronics Companies,,,
256,Pinnacle Therapeutics Pvt. Ltd.,Electrical/Electronics, 97250 02284,ashikthakor@pinnaclesterilization.com
257,Power Build Pvt. Ltd.,Electrical/Electronics, 97277 19344,infopbl@powerbuild.in
258,Power Heat Electricals,Electrical/Electronics, 89804 76636,powerheat@gmail.com
259,Prince Pipes And Fittings Limited,Electrical/Electronics, 1800 267 7555   ,info@princepipes.com
260,"Probiz Erp Solutions
",Electrical/Electronics," 91111 00862
",info@probiztechnologies.com
261,Radhe Enterprise (REJET),Electrical/Electronics,8048213338,info@rejettech.com
262,Rayrhythms industries Pvt. Ltd.,Electrical/Electronics,98250 73200,rakesh@rayrhythms.com
263,Resolve Biotech Pvt. Ltd.,Electrical/Electronics,22.6689.2400,sales@resolvebiotech.com
264,Rivm's Clean Air India Pvt. Ltd.,Electrical/Electronics,83693 24190,mayurbadge@gmail.com
265,Royal Express Logistics LLP,Electrical/Electronics,,biren@royalshipping.co.in
266,Scientific Research Instruments Company Pvt. Ltd. (SRICO),Electrical/Electronics,99006 74407,info@srico-labworld.com
267,Shree Polymers,Electrical/Electronics,90999 80898,sales@shreepolymer.co.in
268,Siddhi Filter Media,Electrical/Electronics,88794 21343,info@siddhifilter.in
269,Soham ERP Solutions Pvt. Ltd.,Electrical/Electronics,93282 12251,suketushah@sohamerp.com
270,Space Plus Design Labs Pvt. Ltd.,Electrical/Electronics,98110 17858,sales@spacedesignlabs.com
271,SSM InfoTech Solutions Pvt. Ltd.,Electrical/Electronics,99740 42150,mkt@ssm-infotech.com
272,St. Mary's Rubbers Pvt. Ltd.,Electrical/Electronics,20 2592 0005,nbulbule@testo.in
273,Sterling Green Power Solutions Pvt. Ltd.,Electrical/Electronics,22-2552 6100,corpcomm@sterlingwilson.com
274,Superlative Enterprises Pvt. Ltd.,Electrical/Electronics,99961 52456,info@superlativenterprises.com
275,SWE Technologies LLP,Electrical/Electronics,,
276,Synergy Mechanics Pvt. Ltd.,Electrical/Electronics,0251-2870699,office@synergymechanics.com
277,Technovalue Solutions Pvt. Ltd.,Electrical/Electronics,88793 0481,info@technovalue.in
278,Testo India Pvt. Ltd.,Electrical/Electronics,20 2592 0005,nbulbule@testo.in
279,Trom Industries Limited,Electrical/Electronics,79 2965 6678,info@tromindustries.com
280,Tulsium Clean Room Pvt. Ltd.,Electrical/Electronics,73837 20403,info@tulsiumcleanroom.com
281,Urwish Engineers Pvt. Ltd.,Electrical/Electronics,sss,contact@urwish.in
282,Veego Instruments Corpore,Electrical/Electronics,8048609656,
283,Xylem Water Solutions,Electrical/Electronics,2667 615800,"indiasales@xylem.com,"
284,4MA Valves Automation,Electrical/Electronics,87330 05449,enquiry@4mavalves.com
285,Alfa Pipes & Tubes,Electrical/Electronics,8 9292 6300,
286,Amco Metals,Electrical/Electronics,22 66362775,info@amcometals.com
287,Ani Engineers,Electrical/Electronics,02752-241479,anivarya@sancharnet.in
288,Armstrong Design Pvt. Ltd.,Electrical/Electronics,80-41281606,krramaswamy@armstrongfluidtechnology.com
289,Global Fluidtech Systems,Electrical/Electronics,,
290,Heatray Solar Pvt. Ltd.,Electrical/Electronics,84240 10203,info@heatraysolar.com
291,HIS Pumps And Systems Pvt. Ltd.,Electrical/Electronics,92278 99943,accounts@harshindustrial.com
292,Jasan Lasertech & Coatings Pvt. Ltd.,Electrical/Electronics,,ruturajthakare1995@gmail.com
293,Kamal Corporation,Electrical/Electronics,,mailto:legaldesk@kjsgroup.in
294,Kamal Metal Industries,Electrical/Electronics,9408225739,info@kmigroup.net
295,Ostech Fluid Technologies,Electrical/Electronics,95278 90446,info@ostechfluid.co.in
296,Parth Tech Compressor,Electrical/Electronics,98250 14048,parth_compressor@yahoo.com
297,Piab Vaccum Technology Pvt. Ltd.,Electrical/Electronics,89391 51169,: la.info@piab.com
298,Rahul Ferromet & Engineering Pvt. Ltd.,Electrical/Electronics,90045 66452,info@rahulferrometal.com
299,RBM Green Airfil,Electrical/Electronics,80458 16980,
300,Sanpure Systems Pvt. Ltd.,Electrical/Electronics,,info@sanpure.in
301,Sanyoi Technology India Pvt. Ltd.,Electrical/Electronics,22 69999 047,sales@sanyotechnologyindia.com
302,SHK Polymers Manufacturing Co.,Electrical/Electronics,97243 23586,"info@shreeharikrishna.net, marketing@shreeharikrishna.net"
303,Shri Maruti Precision Engineering Pvt. Ltd.,Electrical/Electronics,98258 42966,sumit.d@marutipump.com
,Civil/Environmental Companies,,,
305,Taha Pumps & Valves,Civil/Environmental,"98255 99415
98258 29875",info@tahapumps.com
306,Viral Enterprise,Civil/Environmental,9924352760,viralenterprise001@gmail.com
307,Zabs Engineers LLP,Civil/Environmental,70459 18955,info@zabsindia.com
308,Aadi Giri Pvt. Ltd.,Civil/Environmental,,info@aadigiri.com
309,Airpack Pvt. Ltd.,Civil/Environmental,9825523201,airpackindia@gmail.com
310,Akums Drugs And Pharmaceuticals Limited,Civil/Environmental,9999012080,enquiry@akums.net
311,Akums Healthcare Limited,Civil/Environmental,9999012080,enquiry@akums.net
312,Almed Equipment Pvt. Ltd.,Civil/Environmental,8045814905,
313,Ambica Plastomech LLP,Civil/Environmental,8128809787,info@ambicaplast.com
314,Anon Healthcare,Civil/Environmental,9067166212,
315,Aqmed Laboratories Pvt. Ltd.,Civil/Environmental,8045815027,technical@aqmed.in
316,Asoj Soft Caps Pvt. Ltd.,Civil/Environmental,9320688254, asojbaroda@gmail.com
317,Auroma Lifescience Pvt. Ltd.,Civil/Environmental,,aplusengitech@gmail.com
318,Avyukta Lifecare,Civil/Environmental,"95104 35319
79 2979 4041
76000 14481","info@avyuktalifecare.com
jay.thakkar@avyuktalifecare.com
kevin.jasani@avyuktalifecare.com"
319,Aykon Biosciences Pvt. Ltd.,Civil/Environmental,9978642229,info@aykon.in
320,Azine Healthcare Pvt. Ltd.,Civil/Environmental, 90990 33849,info@azinehealthcare.com
321,Banitha Consultancy,Civil/Environmental,7926583380/90, info@banthiaconsultancy.com
322,Best Polymers,Civil/Environmental,7942535297,
323,Bright Liquid Soap,Civil/Environmental,8048963410,
324,Captavis Biocare Pvt. Ltd.,Civil/Environmental,9638797977,info@captavis.com
325,Casablanka Corporation Gujarat,Civil/Environmental,972 447 8488,casablankacorp@gmail.com
326,Chronicle Pharmabiz - Saffron Media Pvt. Ltd.,Civil/Environmental,,
327,Crimson Print Pack Pvt. Ltd.,Civil/Environmental,,
328,CU-V-KAR Genetics Medicines Pvt. Ltd.,Civil/Environmental,,
329,Deepak Cybit Pvt. Ltd.,Civil/Environmental,,
330,Dinesh J. Shah & Associates,Civil/Environmental,,
331,Ecobliss India Pvt. Ltd.,Civil/Environmental,,
332,Emberlynn Exim LLP,Civil/Environmental,,
333,Federation of Indian Export Organisations (FIEO),Civil/Environmental,,
334,Flavaroma Flavours And Fragrances Pvt. Ltd.,Civil/Environmental,,
335,G Next Enterprise,Civil/Environmental,,
336,Glasstek India Enterprises,Civil/Environmental,,
337,Global Pharma Project,Civil/Environmental,,
338,Glowel Cosmetics,Civil/Environmental,,
339,Growequal,Civil/Environmental,,
340,Hanumant Export Industries Pvt. Ltd.,Civil/Environmental,,
341,Herbo Nutra Extract Pvt. Ltd.,Civil/Environmental,,
342,Herbosynth India,Civil/Environmental,,
343,Imago & Getter,Civil/Environmental,,
344,Influx Healthtech Limited,Civil/Environmental,,
345,Intech Cloud,Civil/Environmental,,
346,Ishna Nutrisciences,Civil/Environmental,,
,Management/Business Companies,,,
348,Jain Lifecare Pvt. Ltd.,Management/Business, +91 88662 12422   ,info@jainsoap.com
349,Jain Soap,Management/Business, +91 88662 12422   ,info@jainsoap.com
350,Jainam Packaging,Management/Business,91 9898‑8181‑29, jainamboxpackaging@gmail.com
351,Jiya Nutraherbs,Management/Business,91 84603 36927,jiyanutraherbsim@gmail.com
352,JRD Polymer Pvt. Ltd.,Management/Business,91 22 2431 6604,amol@jrdpolymer.com
353,Kitten Enterprises Pvt. Ltd.,Management/Business,"91‑22‑2764 9201 ,91‑99303 59880",bparekh@kitten.co.in
354,Krisba Healthcare Pvt. Ltd.,Management/Business,"91‑93215 38212,91‑93231 39797",krisbahealthcare@gmail.com
355,Leo Nutriscience LLP,Management/Business,75750 20229,	info@leonutriscience.com
356,Looking Up Business Solutions,Management/Business,9377236573,cphicustomerservice@informa.com
357,Macin Remedies India Limited,Management/Business,99925 12712,macinremedies@yahoo.com
358,Mars Medisoap,Management/Business,"91‑909‑909 2083,91‑9879 323 323",
359,May & Baker Pharmaceuticals Limited,Management/Business,011‑2701 1448,excellence@mayandbaker.net
360,Mediwell Biotech Limited,Management/Business,70182 56703,hr@mediwell.in
361,Mewar Polytex Limited,Management/Business,88750 54444,sales.india@mewarpolytex.com
362,MSC Chemicals,Management/Business,80‑26742928,
363,0D00,Management/Business,79 4050 0100,
364,Omish Laboratories Pvt. Ltd.,Management/Business,  79032 86565,omishlabsamd@gmail.com
365,Parekh Enterprise,Management/Business,91 8875054444,        sales.india@mewarpolytex.com
366,Patel Chem Specialities Limited,Management/Business,91 80719 30473,
367,Pavan Plastics,Management/Business,8045800775,
368,Pharma Now,Management/Business,93218 81791,mansi.s@pharmanow.live
369,Pharma Utility,Management/Business,99301 05077,pharmautility@gmail.com
370,Radiant Stainless Limited,Management/Business,98200 68141,radiantsteelindia@gmail.com
371,Raivat Impex Pvt. Ltd.,Management/Business,,support@navpad.in
372,Ramdoot Packaging,Management/Business,97277 57943,ramdootpackaging@gmail.com
373,Rebase Lifescience Pvt. Ltd.,Management/Business,99099 78048,miteshpatel_14@yahoo.co.in
374,Roar Infotech LLP (Pharma Click),Management/Business,9152233449,info@pharmaclick.co.in
375,Seshaasai Technologies Limited,Management/Business,99305 07777,marketing@seshaasai.com
376,Shreedhar Instruments,Management/Business,98245 10383,sales@shreedhargroup.com
377,Sion Healthcare (SHL) Limited,Management/Business, 80458 16268,sionhealthcare17@gmail.com
378,Snesmi Techno Pvt. Ltd.,Management/Business,099252 20686,snesmi.techno@gmail.com
379,Spraycell Coatings - Anand Enterprise,Management/Business,792‑658‑2705,anandenterprise2000@yahoo.com
380,Sri Kamakshee Enterprises,Management/Business,9840017556,srikamakshienterprices@gmail.com
381,Static Systems Pvt. Ltd.,Management/Business,124-4299376,sales@staticsystems.in
382,Stelvio Healthcare LLP,Management/Business,93752 83441,info@stelviohealthcare.com
383,Stoe Life Pvt. Ltd.,Management/Business,6359522255,support@stoelife.com
384,Swizett Packaging,Management/Business,7874224445,swizettpackaging@gmail.com
385,Tapi Wellness Pvt. Ltd.,Management/Business,,
386,The Council of EU chambers of commerce in India,Management/Business,8104657233,info@euindiachambers.com
387,Tricore Enterprise,Management/Business,98983 21283,tricore@tricore.in
388,Trident Lifeline Limited,Management/Business,261 2490224,info@tridentlifeline.com
389,Trusan Printpack Pvt. Ltd.,Management/Business,88505 30870,business@trusanprintpack.com
390,Upadhrish Reserchem LLP,Management/Business,,dharamvir.malik@akums.net
391,Vestrics Solutions Pvt. Ltd.,Management/Business,9676546655,sales@vestrics.in
392,Vimson Derma,Management/Business,982-588-7700,info@vimsonderma.com
393,Walpar Nutritions Limited,Management/Business,02764-662626,admin@walparnutritions.com
394,Zenon Beaugenic LLP,Management/Business,,
395,Zeon Biotech Pvt. Ltd.,Management/Business,79 6617 0186,info@zeonbiotech.com